{"Bodies":["Body_01","Body_02","Body_03","Body_04","Body_05","Body_06","Body_07","Body_08","Body_09"],"Eyes":["Eyes_01","Eyes_02","Eyes_03","Eyes_04","Eyes_05","Eyes_06","Eyes_07"],"Outfits":[["Dvnkz_Outfit_76_01"],["Outfit_01_01","Outfit_01_02","Outfit_01_03","Outfit_01_04","Outfit_01_05","Outfit_01_06","Outfit_01_07","Outfit_01_08","Outfit_01_09","Outfit_01_10"],["Outfit_02_01","Outfit_02_02","Outfit_02_03","Outfit_02_04"],["Outfit_03_01","Outfit_03_02","Outfit_03_03","Outfit_03_04"],["Outfit_04_01","Outfit_04_02","Outfit_04_03"],["Outfit_05_01","Outfit_05_02","Outfit_05_03","Outfit_05_04","Outfit_05_05"],["Outfit_06_01","Outfit_06_02","Outfit_06_03","Outfit_06_04"],["Outfit_07_01","Outfit_07_02","Outfit_07_03","Outfit_07_04"],["Outfit_08_01","Outfit_08_02","Outfit_08_03"],["Outfit_09_01","Outfit_09_02","Outfit_09_03"],["Outfit_10_01","Outfit_10_02","Outfit_10_03","Outfit_10_04","Outfit_10_05"],["Outfit_11_01","Outfit_11_02","Outfit_11_03","Outfit_11_04"],["Outfit_12_01","Outfit_12_02","Outfit_12_03"],["Outfit_13_01","Outfit_13_02","Outfit_13_03","Outfit_13_04"],["Outfit_14_01","Outfit_14_02","Outfit_14_03","Outfit_14_04","Outfit_14_05"],["Outfit_15_01","Outfit_15_02","Outfit_15_03"],["Outfit_16_01","Outfit_16_02","Outfit_16_03"],["Outfit_17_01","Outfit_17_02","Outfit_17_03"],["Outfit_18_01","Outfit_18_02","Outfit_18_03","Outfit_18_04"],["Outfit_19_01","Outfit_19_02","Outfit_19_03","Outfit_19_04"],["Outfit_20_01","Outfit_20_02","Outfit_20_03"],["Outfit_21_01","Outfit_21_02","Outfit_21_03","Outfit_21_04"],["Outfit_22_01","Outfit_22_02","Outfit_22_03","Outfit_22_04"],["Outfit_23_01","Outfit_23_02","Outfit_23_03","Outfit_23_04"],["Outfit_24_01","Outfit_24_02","Outfit_24_03","Outfit_24_04"],["Outfit_25_01","Outfit_25_02","Outfit_25_03","Outfit_25_04","Outfit_25_05"],["Outfit_26_01","Outfit_26_02","Outfit_26_03"],["Outfit_27_01","Outfit_27_02","Outfit_27_03"],["Outfit_28_01","Outfit_28_02","Outfit_28_03","Outfit_28_04"],["Outfit_29_01","Outfit_29_02","Outfit_29_03","Outfit_29_04"],["Outfit_30_01","Outfit_30_02","Outfit_30_03"],["Outfit_31_01","Outfit_31_02","Outfit_31_03","Outfit_31_04","Outfit_31_05"],["Outfit_32_01","Outfit_32_02","Outfit_32_03","Outfit_32_04","Outfit_32_05"],["Outfit_33_01","Outfit_33_02","Outfit_33_03"],["Outfit_Postman_35_01"],["Scout_Outfit_36_01","Scout_Outfit_36_02","Scout_Outfit_36_03"]],"Backpacks":["null","Backpack_01","Backpack_02","Backpack_03","Backpack_04","Backpack_05","Backpack_06","Backpack_07","Backpack_08","Backpack_09","Backpack_10","Bee_01","Bee_02","Bee_03","Ladybug_01","Ladybug_02","Ladybug_03","Ladybug_04"],"Beards":["null","Beard_01","Beard_02","Beard_03","Beard_04","Beard_05","Medical_Mask_01","Medical_Mask_02","Medical_Mask_03","Medical_Mask_04","Medical_Mask_05","Mustache_01","Mustache_02","Mustache_03","Mustache_04","Mustache_05"],"Glasses":["null","Glasses_01","Glasses_02","Glasses_03","Glasses_04","Glasses_05","Glasses_06","Monocle_01","Monocle_02","Monocle_03"],"Hairstyles":[["null"],["Hairstyle_01_01","Hairstyle_01_02","Hairstyle_01_03","Hairstyle_01_04","Hairstyle_01_05","Hairstyle_01_06","Hairstyle_01_07"],["Hairstyle_02_01","Hairstyle_02_02","Hairstyle_02_03","Hairstyle_02_04","Hairstyle_02_05","Hairstyle_02_06","Hairstyle_02_07"],["Hairstyle_03_01","Hairstyle_03_02","Hairstyle_03_03","Hairstyle_03_04","Hairstyle_03_05","Hairstyle_03_06","Hairstyle_03_07"],["Hairstyle_04_01","Hairstyle_04_02","Hairstyle_04_03","Hairstyle_04_04","Hairstyle_04_05","Hairstyle_04_06","Hairstyle_04_07"],["Hairstyle_05_01","Hairstyle_05_02","Hairstyle_05_03","Hairstyle_05_04","Hairstyle_05_05","Hairstyle_05_06","Hairstyle_05_07"],["Hairstyle_06_01","Hairstyle_06_02","Hairstyle_06_03","Hairstyle_06_04","Hairstyle_06_05","Hairstyle_06_06","Hairstyle_06_07"],["Hairstyle_07_01","Hairstyle_07_02","Hairstyle_07_03","Hairstyle_07_04","Hairstyle_07_05","Hairstyle_07_06","Hairstyle_07_07"],["Hairstyle_08_01","Hairstyle_08_02","Hairstyle_08_03","Hairstyle_08_04","Hairstyle_08_05","Hairstyle_08_06","Hairstyle_08_07"],["Hairstyle_09_01","Hairstyle_09_02","Hairstyle_09_03","Hairstyle_09_04","Hairstyle_09_05","Hairstyle_09_06","Hairstyle_09_07"],["Hairstyle_10_01","Hairstyle_10_02","Hairstyle_10_03","Hairstyle_10_04","Hairstyle_10_05","Hairstyle_10_06","Hairstyle_10_07"],["Hairstyle_11_01","Hairstyle_11_02","Hairstyle_11_03","Hairstyle_11_04","Hairstyle_11_05","Hairstyle_11_06","Hairstyle_11_07"],["Hairstyle_12_01","Hairstyle_12_02","Hairstyle_12_03","Hairstyle_12_04","Hairstyle_12_05","Hairstyle_12_06","Hairstyle_12_07"],["Hairstyle_13_01","Hairstyle_13_02","Hairstyle_13_03","Hairstyle_13_04","Hairstyle_13_05","Hairstyle_13_06","Hairstyle_13_07"],["Hairstyle_14_01","Hairstyle_14_02","Hairstyle_14_03","Hairstyle_14_04","Hairstyle_14_05","Hairstyle_14_06","Hairstyle_14_07"],["Hairstyle_15_01","Hairstyle_15_02","Hairstyle_15_03","Hairstyle_15_04","Hairstyle_15_05","Hairstyle_15_06","Hairstyle_15_07"],["Hairstyle_16_01","Hairstyle_16_02","Hairstyle_16_03","Hairstyle_16_04","Hairstyle_16_05","Hairstyle_16_06","Hairstyle_16_07"],["Hairstyle_17_01","Hairstyle_17_02","Hairstyle_17_03","Hairstyle_17_04","Hairstyle_17_05","Hairstyle_17_06","Hairstyle_17_07"],["Hairstyle_18_01","Hairstyle_18_02","Hairstyle_18_03","Hairstyle_18_04","Hairstyle_18_05","Hairstyle_18_06","Hairstyle_18_07"],["Hairstyle_19_01","Hairstyle_19_02","Hairstyle_19_03","Hairstyle_19_04","Hairstyle_19_05","Hairstyle_19_06","Hairstyle_19_07"],["Hairstyle_20_01","Hairstyle_20_02","Hairstyle_20_03","Hairstyle_20_04","Hairstyle_20_05","Hairstyle_20_06","Hairstyle_20_07"],["Hairstyle_21_01","Hairstyle_21_02","Hairstyle_21_03","Hairstyle_21_04","Hairstyle_21_05","Hairstyle_21_06","Hairstyle_21_07"],["Hairstyle_22_01","Hairstyle_22_02","Hairstyle_22_03","Hairstyle_22_04","Hairstyle_22_05","Hairstyle_22_06","Hairstyle_22_07"],["Hairstyle_23_01","Hairstyle_23_02","Hairstyle_23_03","Hairstyle_23_04","Hairstyle_23_05","Hairstyle_23_06","Hairstyle_23_07"],["Hairstyle_24_01","Hairstyle_24_02","Hairstyle_24_03","Hairstyle_24_04","Hairstyle_24_05","Hairstyle_24_06","Hairstyle_24_07"],["Hairstyle_25_01","Hairstyle_25_02","Hairstyle_25_03","Hairstyle_25_04","Hairstyle_25_05","Hairstyle_25_06","Hairstyle_25_07"],["Hairstyle_26_01","Hairstyle_26_02","Hairstyle_26_03","Hairstyle_26_04","Hairstyle_26_05","Hairstyle_26_06","Hairstyle_26_07"],["Hairstyle_27_01","Hairstyle_27_02","Hairstyle_27_03","Hairstyle_27_04","Hairstyle_27_05","Hairstyle_27_06"],["Hairstyle_28_01","Hairstyle_28_02","Hairstyle_28_03","Hairstyle_28_04","Hairstyle_28_05","Hairstyle_28_06"],["Hairstyle_29_01","Hairstyle_29_02","Hairstyle_29_03","Hairstyle_29_04","Hairstyle_29_05","Hairstyle_29_06"]],"Hats":["null","Beanie_01","Beanie_02","Beanie_03","Beanie_04","Beanie_05","Black_Cylinder_01","Detective_Hat_01","Detective_Hat_02","Detective_Hat_03","Dino_Snapback_01","Dino_Snapback_02","Dino_Snapback_03","Policeman_Hat_01","Policeman_Hat_02","Policeman_Hat_03","Policeman_Hat_04","Policeman_Hat_05","Policeman_Hat_06","Postman_Hat_and_Bag_01","Pumpkin_Head_01","Pumpkin_Head_02","Scout_Snapback_01","Snapback_01","Snapback_02","Snapback_03","Snapback_04","Snapback_05","Snapback_06","Worker_Helmet_01"]}