[{"id":"Backpack_01","path":"/assets/characters/Backpacks/Backpack_01.png"},{"id":"Backpack_02","path":"/assets/characters/Backpacks/Backpack_02.png"},{"id":"Backpack_03","path":"/assets/characters/Backpacks/Backpack_03.png"},{"id":"Backpack_04","path":"/assets/characters/Backpacks/Backpack_04.png"},{"id":"Backpack_05","path":"/assets/characters/Backpacks/Backpack_05.png"},{"id":"Backpack_06","path":"/assets/characters/Backpacks/Backpack_06.png"},{"id":"Backpack_07","path":"/assets/characters/Backpacks/Backpack_07.png"},{"id":"Backpack_08","path":"/assets/characters/Backpacks/Backpack_08.png"},{"id":"Backpack_09","path":"/assets/characters/Backpacks/Backpack_09.png"},{"id":"Backpack_10","path":"/assets/characters/Backpacks/Backpack_10.png"},{"id":"Bee_01","path":"/assets/characters/Backpacks/Bee_01.png"},{"id":"Bee_02","path":"/assets/characters/Backpacks/Bee_02.png"},{"id":"Bee_03","path":"/assets/characters/Backpacks/Bee_03.png"},{"id":"Ladybug_01","path":"/assets/characters/Backpacks/Ladybug_01.png"},{"id":"Ladybug_02","path":"/assets/characters/Backpacks/Ladybug_02.png"},{"id":"Ladybug_03","path":"/assets/characters/Backpacks/Ladybug_03.png"},{"id":"Ladybug_04","path":"/assets/characters/Backpacks/Ladybug_04.png"},{"id":"Beard_01","path":"/assets/characters/Beards/Beard_01.png"},{"id":"Beard_02","path":"/assets/characters/Beards/Beard_02.png"},{"id":"Beard_03","path":"/assets/characters/Beards/Beard_03.png"},{"id":"Beard_04","path":"/assets/characters/Beards/Beard_04.png"},{"id":"Beard_05","path":"/assets/characters/Beards/Beard_05.png"},{"id":"Medical_Mask_01","path":"/assets/characters/Beards/Medical_Mask_01.png"},{"id":"Medical_Mask_02","path":"/assets/characters/Beards/Medical_Mask_02.png"},{"id":"Medical_Mask_03","path":"/assets/characters/Beards/Medical_Mask_03.png"},{"id":"Medical_Mask_04","path":"/assets/characters/Beards/Medical_Mask_04.png"},{"id":"Medical_Mask_05","path":"/assets/characters/Beards/Medical_Mask_05.png"},{"id":"Mustache_01","path":"/assets/characters/Beards/Mustache_01.png"},{"id":"Mustache_02","path":"/assets/characters/Beards/Mustache_02.png"},{"id":"Mustache_03","path":"/assets/characters/Beards/Mustache_03.png"},{"id":"Mustache_04","path":"/assets/characters/Beards/Mustache_04.png"},{"id":"Mustache_05","path":"/assets/characters/Beards/Mustache_05.png"},{"id":"Body_01","path":"/assets/characters/Bodies/Body_01.png"},{"id":"Body_02","path":"/assets/characters/Bodies/Body_02.png"},{"id":"Body_03","path":"/assets/characters/Bodies/Body_03.png"},{"id":"Body_04","path":"/assets/characters/Bodies/Body_04.png"},{"id":"Body_05","path":"/assets/characters/Bodies/Body_05.png"},{"id":"Body_06","path":"/assets/characters/Bodies/Body_06.png"},{"id":"Body_07","path":"/assets/characters/Bodies/Body_07.png"},{"id":"Body_08","path":"/assets/characters/Bodies/Body_08.png"},{"id":"Body_09","path":"/assets/characters/Bodies/Body_09.png"},{"id":"Eyes_01","path":"/assets/characters/Eyes/Eyes_01.png"},{"id":"Eyes_02","path":"/assets/characters/Eyes/Eyes_02.png"},{"id":"Eyes_03","path":"/assets/characters/Eyes/Eyes_03.png"},{"id":"Eyes_04","path":"/assets/characters/Eyes/Eyes_04.png"},{"id":"Eyes_05","path":"/assets/characters/Eyes/Eyes_05.png"},{"id":"Eyes_06","path":"/assets/characters/Eyes/Eyes_06.png"},{"id":"Eyes_07","path":"/assets/characters/Eyes/Eyes_07.png"},{"id":"Glasses_01","path":"/assets/characters/Glasses/Glasses_01.png"},{"id":"Glasses_02","path":"/assets/characters/Glasses/Glasses_02.png"},{"id":"Glasses_03","path":"/assets/characters/Glasses/Glasses_03.png"},{"id":"Glasses_04","path":"/assets/characters/Glasses/Glasses_04.png"},{"id":"Glasses_05","path":"/assets/characters/Glasses/Glasses_05.png"},{"id":"Glasses_06","path":"/assets/characters/Glasses/Glasses_06.png"},{"id":"Monocle_01","path":"/assets/characters/Glasses/Monocle_01.png"},{"id":"Monocle_02","path":"/assets/characters/Glasses/Monocle_02.png"},{"id":"Monocle_03","path":"/assets/characters/Glasses/Monocle_03.png"},{"id":"Hairstyle_01_01","path":"/assets/characters/Hairstyles/Hairstyle_01_01.png"},{"id":"Hairstyle_01_02","path":"/assets/characters/Hairstyles/Hairstyle_01_02.png"},{"id":"Hairstyle_01_03","path":"/assets/characters/Hairstyles/Hairstyle_01_03.png"},{"id":"Hairstyle_01_04","path":"/assets/characters/Hairstyles/Hairstyle_01_04.png"},{"id":"Hairstyle_01_05","path":"/assets/characters/Hairstyles/Hairstyle_01_05.png"},{"id":"Hairstyle_01_06","path":"/assets/characters/Hairstyles/Hairstyle_01_06.png"},{"id":"Hairstyle_01_07","path":"/assets/characters/Hairstyles/Hairstyle_01_07.png"},{"id":"Hairstyle_02_01","path":"/assets/characters/Hairstyles/Hairstyle_02_01.png"},{"id":"Hairstyle_02_02","path":"/assets/characters/Hairstyles/Hairstyle_02_02.png"},{"id":"Hairstyle_02_03","path":"/assets/characters/Hairstyles/Hairstyle_02_03.png"},{"id":"Hairstyle_02_04","path":"/assets/characters/Hairstyles/Hairstyle_02_04.png"},{"id":"Hairstyle_02_05","path":"/assets/characters/Hairstyles/Hairstyle_02_05.png"},{"id":"Hairstyle_02_06","path":"/assets/characters/Hairstyles/Hairstyle_02_06.png"},{"id":"Hairstyle_02_07","path":"/assets/characters/Hairstyles/Hairstyle_02_07.png"},{"id":"Hairstyle_03_01","path":"/assets/characters/Hairstyles/Hairstyle_03_01.png"},{"id":"Hairstyle_03_02","path":"/assets/characters/Hairstyles/Hairstyle_03_02.png"},{"id":"Hairstyle_03_03","path":"/assets/characters/Hairstyles/Hairstyle_03_03.png"},{"id":"Hairstyle_03_04","path":"/assets/characters/Hairstyles/Hairstyle_03_04.png"},{"id":"Hairstyle_03_05","path":"/assets/characters/Hairstyles/Hairstyle_03_05.png"},{"id":"Hairstyle_03_06","path":"/assets/characters/Hairstyles/Hairstyle_03_06.png"},{"id":"Hairstyle_03_07","path":"/assets/characters/Hairstyles/Hairstyle_03_07.png"},{"id":"Hairstyle_04_01","path":"/assets/characters/Hairstyles/Hairstyle_04_01.png"},{"id":"Hairstyle_04_02","path":"/assets/characters/Hairstyles/Hairstyle_04_02.png"},{"id":"Hairstyle_04_03","path":"/assets/characters/Hairstyles/Hairstyle_04_03.png"},{"id":"Hairstyle_04_04","path":"/assets/characters/Hairstyles/Hairstyle_04_04.png"},{"id":"Hairstyle_04_05","path":"/assets/characters/Hairstyles/Hairstyle_04_05.png"},{"id":"Hairstyle_04_06","path":"/assets/characters/Hairstyles/Hairstyle_04_06.png"},{"id":"Hairstyle_04_07","path":"/assets/characters/Hairstyles/Hairstyle_04_07.png"},{"id":"Hairstyle_05_01","path":"/assets/characters/Hairstyles/Hairstyle_05_01.png"},{"id":"Hairstyle_05_02","path":"/assets/characters/Hairstyles/Hairstyle_05_02.png"},{"id":"Hairstyle_05_03","path":"/assets/characters/Hairstyles/Hairstyle_05_03.png"},{"id":"Hairstyle_05_04","path":"/assets/characters/Hairstyles/Hairstyle_05_04.png"},{"id":"Hairstyle_05_05","path":"/assets/characters/Hairstyles/Hairstyle_05_05.png"},{"id":"Hairstyle_05_06","path":"/assets/characters/Hairstyles/Hairstyle_05_06.png"},{"id":"Hairstyle_05_07","path":"/assets/characters/Hairstyles/Hairstyle_05_07.png"},{"id":"Hairstyle_06_01","path":"/assets/characters/Hairstyles/Hairstyle_06_01.png"},{"id":"Hairstyle_06_02","path":"/assets/characters/Hairstyles/Hairstyle_06_02.png"},{"id":"Hairstyle_06_03","path":"/assets/characters/Hairstyles/Hairstyle_06_03.png"},{"id":"Hairstyle_06_04","path":"/assets/characters/Hairstyles/Hairstyle_06_04.png"},{"id":"Hairstyle_06_05","path":"/assets/characters/Hairstyles/Hairstyle_06_05.png"},{"id":"Hairstyle_06_06","path":"/assets/characters/Hairstyles/Hairstyle_06_06.png"},{"id":"Hairstyle_06_07","path":"/assets/characters/Hairstyles/Hairstyle_06_07.png"},{"id":"Hairstyle_07_01","path":"/assets/characters/Hairstyles/Hairstyle_07_01.png"},{"id":"Hairstyle_07_02","path":"/assets/characters/Hairstyles/Hairstyle_07_02.png"},{"id":"Hairstyle_07_03","path":"/assets/characters/Hairstyles/Hairstyle_07_03.png"},{"id":"Hairstyle_07_04","path":"/assets/characters/Hairstyles/Hairstyle_07_04.png"},{"id":"Hairstyle_07_05","path":"/assets/characters/Hairstyles/Hairstyle_07_05.png"},{"id":"Hairstyle_07_06","path":"/assets/characters/Hairstyles/Hairstyle_07_06.png"},{"id":"Hairstyle_07_07","path":"/assets/characters/Hairstyles/Hairstyle_07_07.png"},{"id":"Hairstyle_08_01","path":"/assets/characters/Hairstyles/Hairstyle_08_01.png"},{"id":"Hairstyle_08_02","path":"/assets/characters/Hairstyles/Hairstyle_08_02.png"},{"id":"Hairstyle_08_03","path":"/assets/characters/Hairstyles/Hairstyle_08_03.png"},{"id":"Hairstyle_08_04","path":"/assets/characters/Hairstyles/Hairstyle_08_04.png"},{"id":"Hairstyle_08_05","path":"/assets/characters/Hairstyles/Hairstyle_08_05.png"},{"id":"Hairstyle_08_06","path":"/assets/characters/Hairstyles/Hairstyle_08_06.png"},{"id":"Hairstyle_08_07","path":"/assets/characters/Hairstyles/Hairstyle_08_07.png"},{"id":"Hairstyle_09_01","path":"/assets/characters/Hairstyles/Hairstyle_09_01.png"},{"id":"Hairstyle_09_02","path":"/assets/characters/Hairstyles/Hairstyle_09_02.png"},{"id":"Hairstyle_09_03","path":"/assets/characters/Hairstyles/Hairstyle_09_03.png"},{"id":"Hairstyle_09_04","path":"/assets/characters/Hairstyles/Hairstyle_09_04.png"},{"id":"Hairstyle_09_05","path":"/assets/characters/Hairstyles/Hairstyle_09_05.png"},{"id":"Hairstyle_09_06","path":"/assets/characters/Hairstyles/Hairstyle_09_06.png"},{"id":"Hairstyle_09_07","path":"/assets/characters/Hairstyles/Hairstyle_09_07.png"},{"id":"Hairstyle_10_01","path":"/assets/characters/Hairstyles/Hairstyle_10_01.png"},{"id":"Hairstyle_10_02","path":"/assets/characters/Hairstyles/Hairstyle_10_02.png"},{"id":"Hairstyle_10_03","path":"/assets/characters/Hairstyles/Hairstyle_10_03.png"},{"id":"Hairstyle_10_04","path":"/assets/characters/Hairstyles/Hairstyle_10_04.png"},{"id":"Hairstyle_10_05","path":"/assets/characters/Hairstyles/Hairstyle_10_05.png"},{"id":"Hairstyle_10_06","path":"/assets/characters/Hairstyles/Hairstyle_10_06.png"},{"id":"Hairstyle_10_07","path":"/assets/characters/Hairstyles/Hairstyle_10_07.png"},{"id":"Hairstyle_11_01","path":"/assets/characters/Hairstyles/Hairstyle_11_01.png"},{"id":"Hairstyle_11_02","path":"/assets/characters/Hairstyles/Hairstyle_11_02.png"},{"id":"Hairstyle_11_03","path":"/assets/characters/Hairstyles/Hairstyle_11_03.png"},{"id":"Hairstyle_11_04","path":"/assets/characters/Hairstyles/Hairstyle_11_04.png"},{"id":"Hairstyle_11_05","path":"/assets/characters/Hairstyles/Hairstyle_11_05.png"},{"id":"Hairstyle_11_06","path":"/assets/characters/Hairstyles/Hairstyle_11_06.png"},{"id":"Hairstyle_11_07","path":"/assets/characters/Hairstyles/Hairstyle_11_07.png"},{"id":"Hairstyle_12_01","path":"/assets/characters/Hairstyles/Hairstyle_12_01.png"},{"id":"Hairstyle_12_02","path":"/assets/characters/Hairstyles/Hairstyle_12_02.png"},{"id":"Hairstyle_12_03","path":"/assets/characters/Hairstyles/Hairstyle_12_03.png"},{"id":"Hairstyle_12_04","path":"/assets/characters/Hairstyles/Hairstyle_12_04.png"},{"id":"Hairstyle_12_05","path":"/assets/characters/Hairstyles/Hairstyle_12_05.png"},{"id":"Hairstyle_12_06","path":"/assets/characters/Hairstyles/Hairstyle_12_06.png"},{"id":"Hairstyle_12_07","path":"/assets/characters/Hairstyles/Hairstyle_12_07.png"},{"id":"Hairstyle_13_01","path":"/assets/characters/Hairstyles/Hairstyle_13_01.png"},{"id":"Hairstyle_13_02","path":"/assets/characters/Hairstyles/Hairstyle_13_02.png"},{"id":"Hairstyle_13_03","path":"/assets/characters/Hairstyles/Hairstyle_13_03.png"},{"id":"Hairstyle_13_04","path":"/assets/characters/Hairstyles/Hairstyle_13_04.png"},{"id":"Hairstyle_13_05","path":"/assets/characters/Hairstyles/Hairstyle_13_05.png"},{"id":"Hairstyle_13_06","path":"/assets/characters/Hairstyles/Hairstyle_13_06.png"},{"id":"Hairstyle_13_07","path":"/assets/characters/Hairstyles/Hairstyle_13_07.png"},{"id":"Hairstyle_14_01","path":"/assets/characters/Hairstyles/Hairstyle_14_01.png"},{"id":"Hairstyle_14_02","path":"/assets/characters/Hairstyles/Hairstyle_14_02.png"},{"id":"Hairstyle_14_03","path":"/assets/characters/Hairstyles/Hairstyle_14_03.png"},{"id":"Hairstyle_14_04","path":"/assets/characters/Hairstyles/Hairstyle_14_04.png"},{"id":"Hairstyle_14_05","path":"/assets/characters/Hairstyles/Hairstyle_14_05.png"},{"id":"Hairstyle_14_06","path":"/assets/characters/Hairstyles/Hairstyle_14_06.png"},{"id":"Hairstyle_14_07","path":"/assets/characters/Hairstyles/Hairstyle_14_07.png"},{"id":"Hairstyle_15_01","path":"/assets/characters/Hairstyles/Hairstyle_15_01.png"},{"id":"Hairstyle_15_02","path":"/assets/characters/Hairstyles/Hairstyle_15_02.png"},{"id":"Hairstyle_15_03","path":"/assets/characters/Hairstyles/Hairstyle_15_03.png"},{"id":"Hairstyle_15_04","path":"/assets/characters/Hairstyles/Hairstyle_15_04.png"},{"id":"Hairstyle_15_05","path":"/assets/characters/Hairstyles/Hairstyle_15_05.png"},{"id":"Hairstyle_15_06","path":"/assets/characters/Hairstyles/Hairstyle_15_06.png"},{"id":"Hairstyle_15_07","path":"/assets/characters/Hairstyles/Hairstyle_15_07.png"},{"id":"Hairstyle_16_01","path":"/assets/characters/Hairstyles/Hairstyle_16_01.png"},{"id":"Hairstyle_16_02","path":"/assets/characters/Hairstyles/Hairstyle_16_02.png"},{"id":"Hairstyle_16_03","path":"/assets/characters/Hairstyles/Hairstyle_16_03.png"},{"id":"Hairstyle_16_04","path":"/assets/characters/Hairstyles/Hairstyle_16_04.png"},{"id":"Hairstyle_16_05","path":"/assets/characters/Hairstyles/Hairstyle_16_05.png"},{"id":"Hairstyle_16_06","path":"/assets/characters/Hairstyles/Hairstyle_16_06.png"},{"id":"Hairstyle_16_07","path":"/assets/characters/Hairstyles/Hairstyle_16_07.png"},{"id":"Hairstyle_17_01","path":"/assets/characters/Hairstyles/Hairstyle_17_01.png"},{"id":"Hairstyle_17_02","path":"/assets/characters/Hairstyles/Hairstyle_17_02.png"},{"id":"Hairstyle_17_03","path":"/assets/characters/Hairstyles/Hairstyle_17_03.png"},{"id":"Hairstyle_17_04","path":"/assets/characters/Hairstyles/Hairstyle_17_04.png"},{"id":"Hairstyle_17_05","path":"/assets/characters/Hairstyles/Hairstyle_17_05.png"},{"id":"Hairstyle_17_06","path":"/assets/characters/Hairstyles/Hairstyle_17_06.png"},{"id":"Hairstyle_17_07","path":"/assets/characters/Hairstyles/Hairstyle_17_07.png"},{"id":"Hairstyle_18_01","path":"/assets/characters/Hairstyles/Hairstyle_18_01.png"},{"id":"Hairstyle_18_02","path":"/assets/characters/Hairstyles/Hairstyle_18_02.png"},{"id":"Hairstyle_18_03","path":"/assets/characters/Hairstyles/Hairstyle_18_03.png"},{"id":"Hairstyle_18_04","path":"/assets/characters/Hairstyles/Hairstyle_18_04.png"},{"id":"Hairstyle_18_05","path":"/assets/characters/Hairstyles/Hairstyle_18_05.png"},{"id":"Hairstyle_18_06","path":"/assets/characters/Hairstyles/Hairstyle_18_06.png"},{"id":"Hairstyle_18_07","path":"/assets/characters/Hairstyles/Hairstyle_18_07.png"},{"id":"Hairstyle_19_01","path":"/assets/characters/Hairstyles/Hairstyle_19_01.png"},{"id":"Hairstyle_19_02","path":"/assets/characters/Hairstyles/Hairstyle_19_02.png"},{"id":"Hairstyle_19_03","path":"/assets/characters/Hairstyles/Hairstyle_19_03.png"},{"id":"Hairstyle_19_04","path":"/assets/characters/Hairstyles/Hairstyle_19_04.png"},{"id":"Hairstyle_19_05","path":"/assets/characters/Hairstyles/Hairstyle_19_05.png"},{"id":"Hairstyle_19_06","path":"/assets/characters/Hairstyles/Hairstyle_19_06.png"},{"id":"Hairstyle_19_07","path":"/assets/characters/Hairstyles/Hairstyle_19_07.png"},{"id":"Hairstyle_20_01","path":"/assets/characters/Hairstyles/Hairstyle_20_01.png"},{"id":"Hairstyle_20_02","path":"/assets/characters/Hairstyles/Hairstyle_20_02.png"},{"id":"Hairstyle_20_03","path":"/assets/characters/Hairstyles/Hairstyle_20_03.png"},{"id":"Hairstyle_20_04","path":"/assets/characters/Hairstyles/Hairstyle_20_04.png"},{"id":"Hairstyle_20_05","path":"/assets/characters/Hairstyles/Hairstyle_20_05.png"},{"id":"Hairstyle_20_06","path":"/assets/characters/Hairstyles/Hairstyle_20_06.png"},{"id":"Hairstyle_20_07","path":"/assets/characters/Hairstyles/Hairstyle_20_07.png"},{"id":"Hairstyle_21_01","path":"/assets/characters/Hairstyles/Hairstyle_21_01.png"},{"id":"Hairstyle_21_02","path":"/assets/characters/Hairstyles/Hairstyle_21_02.png"},{"id":"Hairstyle_21_03","path":"/assets/characters/Hairstyles/Hairstyle_21_03.png"},{"id":"Hairstyle_21_04","path":"/assets/characters/Hairstyles/Hairstyle_21_04.png"},{"id":"Hairstyle_21_05","path":"/assets/characters/Hairstyles/Hairstyle_21_05.png"},{"id":"Hairstyle_21_06","path":"/assets/characters/Hairstyles/Hairstyle_21_06.png"},{"id":"Hairstyle_21_07","path":"/assets/characters/Hairstyles/Hairstyle_21_07.png"},{"id":"Hairstyle_22_01","path":"/assets/characters/Hairstyles/Hairstyle_22_01.png"},{"id":"Hairstyle_22_02","path":"/assets/characters/Hairstyles/Hairstyle_22_02.png"},{"id":"Hairstyle_22_03","path":"/assets/characters/Hairstyles/Hairstyle_22_03.png"},{"id":"Hairstyle_22_04","path":"/assets/characters/Hairstyles/Hairstyle_22_04.png"},{"id":"Hairstyle_22_05","path":"/assets/characters/Hairstyles/Hairstyle_22_05.png"},{"id":"Hairstyle_22_06","path":"/assets/characters/Hairstyles/Hairstyle_22_06.png"},{"id":"Hairstyle_22_07","path":"/assets/characters/Hairstyles/Hairstyle_22_07.png"},{"id":"Hairstyle_23_01","path":"/assets/characters/Hairstyles/Hairstyle_23_01.png"},{"id":"Hairstyle_23_02","path":"/assets/characters/Hairstyles/Hairstyle_23_02.png"},{"id":"Hairstyle_23_03","path":"/assets/characters/Hairstyles/Hairstyle_23_03.png"},{"id":"Hairstyle_23_04","path":"/assets/characters/Hairstyles/Hairstyle_23_04.png"},{"id":"Hairstyle_23_05","path":"/assets/characters/Hairstyles/Hairstyle_23_05.png"},{"id":"Hairstyle_23_06","path":"/assets/characters/Hairstyles/Hairstyle_23_06.png"},{"id":"Hairstyle_23_07","path":"/assets/characters/Hairstyles/Hairstyle_23_07.png"},{"id":"Hairstyle_24_01","path":"/assets/characters/Hairstyles/Hairstyle_24_01.png"},{"id":"Hairstyle_24_02","path":"/assets/characters/Hairstyles/Hairstyle_24_02.png"},{"id":"Hairstyle_24_03","path":"/assets/characters/Hairstyles/Hairstyle_24_03.png"},{"id":"Hairstyle_24_04","path":"/assets/characters/Hairstyles/Hairstyle_24_04.png"},{"id":"Hairstyle_24_05","path":"/assets/characters/Hairstyles/Hairstyle_24_05.png"},{"id":"Hairstyle_24_06","path":"/assets/characters/Hairstyles/Hairstyle_24_06.png"},{"id":"Hairstyle_24_07","path":"/assets/characters/Hairstyles/Hairstyle_24_07.png"},{"id":"Hairstyle_25_01","path":"/assets/characters/Hairstyles/Hairstyle_25_01.png"},{"id":"Hairstyle_25_02","path":"/assets/characters/Hairstyles/Hairstyle_25_02.png"},{"id":"Hairstyle_25_03","path":"/assets/characters/Hairstyles/Hairstyle_25_03.png"},{"id":"Hairstyle_25_04","path":"/assets/characters/Hairstyles/Hairstyle_25_04.png"},{"id":"Hairstyle_25_05","path":"/assets/characters/Hairstyles/Hairstyle_25_05.png"},{"id":"Hairstyle_25_06","path":"/assets/characters/Hairstyles/Hairstyle_25_06.png"},{"id":"Hairstyle_25_07","path":"/assets/characters/Hairstyles/Hairstyle_25_07.png"},{"id":"Hairstyle_26_01","path":"/assets/characters/Hairstyles/Hairstyle_26_01.png"},{"id":"Hairstyle_26_02","path":"/assets/characters/Hairstyles/Hairstyle_26_02.png"},{"id":"Hairstyle_26_03","path":"/assets/characters/Hairstyles/Hairstyle_26_03.png"},{"id":"Hairstyle_26_04","path":"/assets/characters/Hairstyles/Hairstyle_26_04.png"},{"id":"Hairstyle_26_05","path":"/assets/characters/Hairstyles/Hairstyle_26_05.png"},{"id":"Hairstyle_26_06","path":"/assets/characters/Hairstyles/Hairstyle_26_06.png"},{"id":"Hairstyle_26_07","path":"/assets/characters/Hairstyles/Hairstyle_26_07.png"},{"id":"Hairstyle_27_01","path":"/assets/characters/Hairstyles/Hairstyle_27_01.png"},{"id":"Hairstyle_27_02","path":"/assets/characters/Hairstyles/Hairstyle_27_02.png"},{"id":"Hairstyle_27_03","path":"/assets/characters/Hairstyles/Hairstyle_27_03.png"},{"id":"Hairstyle_27_04","path":"/assets/characters/Hairstyles/Hairstyle_27_04.png"},{"id":"Hairstyle_27_05","path":"/assets/characters/Hairstyles/Hairstyle_27_05.png"},{"id":"Hairstyle_27_06","path":"/assets/characters/Hairstyles/Hairstyle_27_06.png"},{"id":"Hairstyle_28_01","path":"/assets/characters/Hairstyles/Hairstyle_28_01.png"},{"id":"Hairstyle_28_02","path":"/assets/characters/Hairstyles/Hairstyle_28_02.png"},{"id":"Hairstyle_28_03","path":"/assets/characters/Hairstyles/Hairstyle_28_03.png"},{"id":"Hairstyle_28_04","path":"/assets/characters/Hairstyles/Hairstyle_28_04.png"},{"id":"Hairstyle_28_05","path":"/assets/characters/Hairstyles/Hairstyle_28_05.png"},{"id":"Hairstyle_28_06","path":"/assets/characters/Hairstyles/Hairstyle_28_06.png"},{"id":"Hairstyle_29_01","path":"/assets/characters/Hairstyles/Hairstyle_29_01.png"},{"id":"Hairstyle_29_02","path":"/assets/characters/Hairstyles/Hairstyle_29_02.png"},{"id":"Hairstyle_29_03","path":"/assets/characters/Hairstyles/Hairstyle_29_03.png"},{"id":"Hairstyle_29_04","path":"/assets/characters/Hairstyles/Hairstyle_29_04.png"},{"id":"Hairstyle_29_05","path":"/assets/characters/Hairstyles/Hairstyle_29_05.png"},{"id":"Hairstyle_29_06","path":"/assets/characters/Hairstyles/Hairstyle_29_06.png"},{"id":"Beanie_01","path":"/assets/characters/Hats/Beanie_01.png"},{"id":"Beanie_02","path":"/assets/characters/Hats/Beanie_02.png"},{"id":"Beanie_03","path":"/assets/characters/Hats/Beanie_03.png"},{"id":"Beanie_04","path":"/assets/characters/Hats/Beanie_04.png"},{"id":"Beanie_05","path":"/assets/characters/Hats/Beanie_05.png"},{"id":"Black_Cylinder_01","path":"/assets/characters/Hats/Black_Cylinder_01.png"},{"id":"Detective_Hat_01","path":"/assets/characters/Hats/Detective_Hat_01.png"},{"id":"Detective_Hat_02","path":"/assets/characters/Hats/Detective_Hat_02.png"},{"id":"Detective_Hat_03","path":"/assets/characters/Hats/Detective_Hat_03.png"},{"id":"Dino_Snapback_01","path":"/assets/characters/Hats/Dino_Snapback_01.png"},{"id":"Dino_Snapback_02","path":"/assets/characters/Hats/Dino_Snapback_02.png"},{"id":"Dino_Snapback_03","path":"/assets/characters/Hats/Dino_Snapback_03.png"},{"id":"Policeman_Hat_01","path":"/assets/characters/Hats/Policeman_Hat_01.png"},{"id":"Policeman_Hat_02","path":"/assets/characters/Hats/Policeman_Hat_02.png"},{"id":"Policeman_Hat_03","path":"/assets/characters/Hats/Policeman_Hat_03.png"},{"id":"Policeman_Hat_04","path":"/assets/characters/Hats/Policeman_Hat_04.png"},{"id":"Policeman_Hat_05","path":"/assets/characters/Hats/Policeman_Hat_05.png"},{"id":"Policeman_Hat_06","path":"/assets/characters/Hats/Policeman_Hat_06.png"},{"id":"Postman_Hat_and_Bag_01","path":"/assets/characters/Hats/Postman_Hat_and_Bag_01.png"},{"id":"Pumpkin_Head_01","path":"/assets/characters/Hats/Pumpkin_Head_01.png"},{"id":"Pumpkin_Head_02","path":"/assets/characters/Hats/Pumpkin_Head_02.png"},{"id":"Scout_Snapback_01","path":"/assets/characters/Hats/Scout_Snapback_01.png"},{"id":"Snapback_01","path":"/assets/characters/Hats/Snapback_01.png"},{"id":"Snapback_02","path":"/assets/characters/Hats/Snapback_02.png"},{"id":"Snapback_03","path":"/assets/characters/Hats/Snapback_03.png"},{"id":"Snapback_04","path":"/assets/characters/Hats/Snapback_04.png"},{"id":"Snapback_05","path":"/assets/characters/Hats/Snapback_05.png"},{"id":"Snapback_06","path":"/assets/characters/Hats/Snapback_06.png"},{"id":"Worker_Helmet_01","path":"/assets/characters/Hats/Worker_Helmet_01.png"},{"id":"null","path":"/assets/characters/Null/null.png"},{"id":"Dvnkz_Outfit_76_01","path":"/assets/characters/Outfits/Dvnkz_Outfit_76_01.png"},{"id":"Outfit_01_01","path":"/assets/characters/Outfits/Outfit_01_01.png"},{"id":"Outfit_01_02","path":"/assets/characters/Outfits/Outfit_01_02.png"},{"id":"Outfit_01_03","path":"/assets/characters/Outfits/Outfit_01_03.png"},{"id":"Outfit_01_04","path":"/assets/characters/Outfits/Outfit_01_04.png"},{"id":"Outfit_01_05","path":"/assets/characters/Outfits/Outfit_01_05.png"},{"id":"Outfit_01_06","path":"/assets/characters/Outfits/Outfit_01_06.png"},{"id":"Outfit_01_07","path":"/assets/characters/Outfits/Outfit_01_07.png"},{"id":"Outfit_01_08","path":"/assets/characters/Outfits/Outfit_01_08.png"},{"id":"Outfit_01_09","path":"/assets/characters/Outfits/Outfit_01_09.png"},{"id":"Outfit_01_10","path":"/assets/characters/Outfits/Outfit_01_10.png"},{"id":"Outfit_02_01","path":"/assets/characters/Outfits/Outfit_02_01.png"},{"id":"Outfit_02_02","path":"/assets/characters/Outfits/Outfit_02_02.png"},{"id":"Outfit_02_03","path":"/assets/characters/Outfits/Outfit_02_03.png"},{"id":"Outfit_02_04","path":"/assets/characters/Outfits/Outfit_02_04.png"},{"id":"Outfit_03_01","path":"/assets/characters/Outfits/Outfit_03_01.png"},{"id":"Outfit_03_02","path":"/assets/characters/Outfits/Outfit_03_02.png"},{"id":"Outfit_03_03","path":"/assets/characters/Outfits/Outfit_03_03.png"},{"id":"Outfit_03_04","path":"/assets/characters/Outfits/Outfit_03_04.png"},{"id":"Outfit_04_01","path":"/assets/characters/Outfits/Outfit_04_01.png"},{"id":"Outfit_04_02","path":"/assets/characters/Outfits/Outfit_04_02.png"},{"id":"Outfit_04_03","path":"/assets/characters/Outfits/Outfit_04_03.png"},{"id":"Outfit_05_01","path":"/assets/characters/Outfits/Outfit_05_01.png"},{"id":"Outfit_05_02","path":"/assets/characters/Outfits/Outfit_05_02.png"},{"id":"Outfit_05_03","path":"/assets/characters/Outfits/Outfit_05_03.png"},{"id":"Outfit_05_04","path":"/assets/characters/Outfits/Outfit_05_04.png"},{"id":"Outfit_05_05","path":"/assets/characters/Outfits/Outfit_05_05.png"},{"id":"Outfit_06_01","path":"/assets/characters/Outfits/Outfit_06_01.png"},{"id":"Outfit_06_02","path":"/assets/characters/Outfits/Outfit_06_02.png"},{"id":"Outfit_06_03","path":"/assets/characters/Outfits/Outfit_06_03.png"},{"id":"Outfit_06_04","path":"/assets/characters/Outfits/Outfit_06_04.png"},{"id":"Outfit_07_01","path":"/assets/characters/Outfits/Outfit_07_01.png"},{"id":"Outfit_07_02","path":"/assets/characters/Outfits/Outfit_07_02.png"},{"id":"Outfit_07_03","path":"/assets/characters/Outfits/Outfit_07_03.png"},{"id":"Outfit_07_04","path":"/assets/characters/Outfits/Outfit_07_04.png"},{"id":"Outfit_08_01","path":"/assets/characters/Outfits/Outfit_08_01.png"},{"id":"Outfit_08_02","path":"/assets/characters/Outfits/Outfit_08_02.png"},{"id":"Outfit_08_03","path":"/assets/characters/Outfits/Outfit_08_03.png"},{"id":"Outfit_09_01","path":"/assets/characters/Outfits/Outfit_09_01.png"},{"id":"Outfit_09_02","path":"/assets/characters/Outfits/Outfit_09_02.png"},{"id":"Outfit_09_03","path":"/assets/characters/Outfits/Outfit_09_03.png"},{"id":"Outfit_10_01","path":"/assets/characters/Outfits/Outfit_10_01.png"},{"id":"Outfit_10_02","path":"/assets/characters/Outfits/Outfit_10_02.png"},{"id":"Outfit_10_03","path":"/assets/characters/Outfits/Outfit_10_03.png"},{"id":"Outfit_10_04","path":"/assets/characters/Outfits/Outfit_10_04.png"},{"id":"Outfit_10_05","path":"/assets/characters/Outfits/Outfit_10_05.png"},{"id":"Outfit_11_01","path":"/assets/characters/Outfits/Outfit_11_01.png"},{"id":"Outfit_11_02","path":"/assets/characters/Outfits/Outfit_11_02.png"},{"id":"Outfit_11_03","path":"/assets/characters/Outfits/Outfit_11_03.png"},{"id":"Outfit_11_04","path":"/assets/characters/Outfits/Outfit_11_04.png"},{"id":"Outfit_12_01","path":"/assets/characters/Outfits/Outfit_12_01.png"},{"id":"Outfit_12_02","path":"/assets/characters/Outfits/Outfit_12_02.png"},{"id":"Outfit_12_03","path":"/assets/characters/Outfits/Outfit_12_03.png"},{"id":"Outfit_13_01","path":"/assets/characters/Outfits/Outfit_13_01.png"},{"id":"Outfit_13_02","path":"/assets/characters/Outfits/Outfit_13_02.png"},{"id":"Outfit_13_03","path":"/assets/characters/Outfits/Outfit_13_03.png"},{"id":"Outfit_13_04","path":"/assets/characters/Outfits/Outfit_13_04.png"},{"id":"Outfit_14_01","path":"/assets/characters/Outfits/Outfit_14_01.png"},{"id":"Outfit_14_02","path":"/assets/characters/Outfits/Outfit_14_02.png"},{"id":"Outfit_14_03","path":"/assets/characters/Outfits/Outfit_14_03.png"},{"id":"Outfit_14_04","path":"/assets/characters/Outfits/Outfit_14_04.png"},{"id":"Outfit_14_05","path":"/assets/characters/Outfits/Outfit_14_05.png"},{"id":"Outfit_15_01","path":"/assets/characters/Outfits/Outfit_15_01.png"},{"id":"Outfit_15_02","path":"/assets/characters/Outfits/Outfit_15_02.png"},{"id":"Outfit_15_03","path":"/assets/characters/Outfits/Outfit_15_03.png"},{"id":"Outfit_16_01","path":"/assets/characters/Outfits/Outfit_16_01.png"},{"id":"Outfit_16_02","path":"/assets/characters/Outfits/Outfit_16_02.png"},{"id":"Outfit_16_03","path":"/assets/characters/Outfits/Outfit_16_03.png"},{"id":"Outfit_17_01","path":"/assets/characters/Outfits/Outfit_17_01.png"},{"id":"Outfit_17_02","path":"/assets/characters/Outfits/Outfit_17_02.png"},{"id":"Outfit_17_03","path":"/assets/characters/Outfits/Outfit_17_03.png"},{"id":"Outfit_18_01","path":"/assets/characters/Outfits/Outfit_18_01.png"},{"id":"Outfit_18_02","path":"/assets/characters/Outfits/Outfit_18_02.png"},{"id":"Outfit_18_03","path":"/assets/characters/Outfits/Outfit_18_03.png"},{"id":"Outfit_18_04","path":"/assets/characters/Outfits/Outfit_18_04.png"},{"id":"Outfit_19_01","path":"/assets/characters/Outfits/Outfit_19_01.png"},{"id":"Outfit_19_02","path":"/assets/characters/Outfits/Outfit_19_02.png"},{"id":"Outfit_19_03","path":"/assets/characters/Outfits/Outfit_19_03.png"},{"id":"Outfit_19_04","path":"/assets/characters/Outfits/Outfit_19_04.png"},{"id":"Outfit_20_01","path":"/assets/characters/Outfits/Outfit_20_01.png"},{"id":"Outfit_20_02","path":"/assets/characters/Outfits/Outfit_20_02.png"},{"id":"Outfit_20_03","path":"/assets/characters/Outfits/Outfit_20_03.png"},{"id":"Outfit_21_01","path":"/assets/characters/Outfits/Outfit_21_01.png"},{"id":"Outfit_21_02","path":"/assets/characters/Outfits/Outfit_21_02.png"},{"id":"Outfit_21_03","path":"/assets/characters/Outfits/Outfit_21_03.png"},{"id":"Outfit_21_04","path":"/assets/characters/Outfits/Outfit_21_04.png"},{"id":"Outfit_22_01","path":"/assets/characters/Outfits/Outfit_22_01.png"},{"id":"Outfit_22_02","path":"/assets/characters/Outfits/Outfit_22_02.png"},{"id":"Outfit_22_03","path":"/assets/characters/Outfits/Outfit_22_03.png"},{"id":"Outfit_22_04","path":"/assets/characters/Outfits/Outfit_22_04.png"},{"id":"Outfit_23_01","path":"/assets/characters/Outfits/Outfit_23_01.png"},{"id":"Outfit_23_02","path":"/assets/characters/Outfits/Outfit_23_02.png"},{"id":"Outfit_23_03","path":"/assets/characters/Outfits/Outfit_23_03.png"},{"id":"Outfit_23_04","path":"/assets/characters/Outfits/Outfit_23_04.png"},{"id":"Outfit_24_01","path":"/assets/characters/Outfits/Outfit_24_01.png"},{"id":"Outfit_24_02","path":"/assets/characters/Outfits/Outfit_24_02.png"},{"id":"Outfit_24_03","path":"/assets/characters/Outfits/Outfit_24_03.png"},{"id":"Outfit_24_04","path":"/assets/characters/Outfits/Outfit_24_04.png"},{"id":"Outfit_25_01","path":"/assets/characters/Outfits/Outfit_25_01.png"},{"id":"Outfit_25_02","path":"/assets/characters/Outfits/Outfit_25_02.png"},{"id":"Outfit_25_03","path":"/assets/characters/Outfits/Outfit_25_03.png"},{"id":"Outfit_25_04","path":"/assets/characters/Outfits/Outfit_25_04.png"},{"id":"Outfit_25_05","path":"/assets/characters/Outfits/Outfit_25_05.png"},{"id":"Outfit_26_01","path":"/assets/characters/Outfits/Outfit_26_01.png"},{"id":"Outfit_26_02","path":"/assets/characters/Outfits/Outfit_26_02.png"},{"id":"Outfit_26_03","path":"/assets/characters/Outfits/Outfit_26_03.png"},{"id":"Outfit_27_01","path":"/assets/characters/Outfits/Outfit_27_01.png"},{"id":"Outfit_27_02","path":"/assets/characters/Outfits/Outfit_27_02.png"},{"id":"Outfit_27_03","path":"/assets/characters/Outfits/Outfit_27_03.png"},{"id":"Outfit_28_01","path":"/assets/characters/Outfits/Outfit_28_01.png"},{"id":"Outfit_28_02","path":"/assets/characters/Outfits/Outfit_28_02.png"},{"id":"Outfit_28_03","path":"/assets/characters/Outfits/Outfit_28_03.png"},{"id":"Outfit_28_04","path":"/assets/characters/Outfits/Outfit_28_04.png"},{"id":"Outfit_29_01","path":"/assets/characters/Outfits/Outfit_29_01.png"},{"id":"Outfit_29_02","path":"/assets/characters/Outfits/Outfit_29_02.png"},{"id":"Outfit_29_03","path":"/assets/characters/Outfits/Outfit_29_03.png"},{"id":"Outfit_29_04","path":"/assets/characters/Outfits/Outfit_29_04.png"},{"id":"Outfit_30_01","path":"/assets/characters/Outfits/Outfit_30_01.png"},{"id":"Outfit_30_02","path":"/assets/characters/Outfits/Outfit_30_02.png"},{"id":"Outfit_30_03","path":"/assets/characters/Outfits/Outfit_30_03.png"},{"id":"Outfit_31_01","path":"/assets/characters/Outfits/Outfit_31_01.png"},{"id":"Outfit_31_02","path":"/assets/characters/Outfits/Outfit_31_02.png"},{"id":"Outfit_31_03","path":"/assets/characters/Outfits/Outfit_31_03.png"},{"id":"Outfit_31_04","path":"/assets/characters/Outfits/Outfit_31_04.png"},{"id":"Outfit_31_05","path":"/assets/characters/Outfits/Outfit_31_05.png"},{"id":"Outfit_32_01","path":"/assets/characters/Outfits/Outfit_32_01.png"},{"id":"Outfit_32_02","path":"/assets/characters/Outfits/Outfit_32_02.png"},{"id":"Outfit_32_03","path":"/assets/characters/Outfits/Outfit_32_03.png"},{"id":"Outfit_32_04","path":"/assets/characters/Outfits/Outfit_32_04.png"},{"id":"Outfit_32_05","path":"/assets/characters/Outfits/Outfit_32_05.png"},{"id":"Outfit_33_01","path":"/assets/characters/Outfits/Outfit_33_01.png"},{"id":"Outfit_33_02","path":"/assets/characters/Outfits/Outfit_33_02.png"},{"id":"Outfit_33_03","path":"/assets/characters/Outfits/Outfit_33_03.png"},{"id":"Outfit_Firefighter","path":"/assets/characters/Outfits/Outfit_Firefighter.png"},{"id":"Outfit_Postman_35_01","path":"/assets/characters/Outfits/Outfit_Postman_35_01.png"},{"id":"Scout_Outfit_36_01","path":"/assets/characters/Outfits/Scout_Outfit_36_01.png"},{"id":"Scout_Outfit_36_02","path":"/assets/characters/Outfits/Scout_Outfit_36_02.png"},{"id":"Scout_Outfit_36_03","path":"/assets/characters/Outfits/Scout_Outfit_36_03.png"},{"id":"book_minigame","path":"/assets/items/cloud/book_minigame.png"},{"id":"book_story","path":"/assets/items/cloud/book_story.png"},{"id":"card_clothing","path":"/assets/items/cloud/card_clothing.png"},{"id":"card_username","path":"/assets/items/cloud/card_username.png"},{"id":"perismato","path":"/assets/items/cloud/perismato.png"},{"id":"ticket_minigame","path":"/assets/items/cloud/ticket_minigame.png"},{"id":"ticket_story","path":"/assets/items/cloud/ticket_story.png"},{"id":"ticket_username","path":"/assets/items/cloud/ticket_username.png"},{"id":"token","path":"/assets/items/cloud/token.png"},{"id":"big_scissor","path":"/assets/items/journey/big_scissor.png"},{"id":"cable","path":"/assets/items/journey/cable.png"},{"id":"car_batery","path":"/assets/items/journey/car_batery.png"},{"id":"cookies","path":"/assets/items/journey/cookies.png"},{"id":"ice_key","path":"/assets/items/journey/ice_key.png"},{"id":"fingclo_a.svg","path":"/assets/minigames/fingclo/fingclo_a.svg"},{"id":"fingclo_b.svg","path":"/assets/minigames/fingclo/fingclo_b.svg"},{"id":"fingclo_c.svg","path":"/assets/minigames/fingclo/fingclo_c.svg"},{"id":"fingcra_a.svg","path":"/assets/minigames/fingcra/fingcra_a.svg"},{"id":"fingcra_b.svg","path":"/assets/minigames/fingcra/fingcra_b.svg"},{"id":"fingcra_c.svg","path":"/assets/minigames/fingcra/fingcra_c.svg"},{"id":"fingcra_d.svg","path":"/assets/minigames/fingcra/fingcra_d.svg"},{"id":"charbg","path":"/assets/ui/creation/charbg.png"},{"id":"cursordefault","path":"/assets/ui/other/cursordefault.png"},{"id":"cursornotallowed","path":"/assets/ui/other/cursornotallowed.png"},{"id":"cursorpointer","path":"/assets/ui/other/cursorpointer.png"},{"id":"shadow","path":"/assets/ui/other/shadow.png"},{"id":"ubin","path":"/assets/ui/other/ubin.png"},{"id":"Kulon_Hero_Normal","path":"/assets/unlisted/icons/Kulon_Hero_Normal.png"},{"id":"LostSpirit","path":"/assets/unlisted/jumpscare/LostSpirit.png"}]