{"kulonSafeHouse":{"id":"kulonSafeHouse","lowerSrc":"safehouse_bottom","upperSrc":"safehouse_top","sound":"inside_amb","configObjects":{"hero":{"type":"Person","x":3,"y":5,"src":"null","offset":[1,0]},"devanka761":{"type":"Person","x":-100,"y":-100,"src":["Dvnkz_Outfit_76_01"]},"MissionBoard":{"type":"Interactable","x":3,"y":3,"src":"null","shadow":false,"offset":[1,0],"collision":[0,0,1,1],"talk":[{"events":[{"type":"missionBoard"}]}]},"DOOR_SAFEHOUSE":{"type":"Interactable","x":2,"y":10,"src":"null","shadow":false,"offset":[1,0],"collision":[0,0,1,1],"talk":[{"events":[{"text":{"id":"Pintu ini belum dapat digunakan","en":"This door cannot be used yet"},"type":"textMessage"},{"text":{"id":"Nantikan pada update dekorasi ya","en":"Stay tuned for decoration updates"},"type":"textMessage"}]}]},"OldTV":{"type":"Interactable","x":7,"y":7,"src":"OldTV","shadow":false,"offset":[6,0],"collision":[0,1,2,1],"talk":[{"events":[{"type":"missionBoard"}]}]}},"walls":{"2,3":true,"1,2":true,"0,3":true,"0,4":true,"0,5":true,"0,6":true,"0,7":true,"0,8":true,"0,9":true,"1,10":true,"3,10":true,"4,10":true,"5,10":true,"6,10":true,"7,10":true,"8,10":true,"9,10":true,"10,10":true,"11,9":true,"11,8":true,"11,6":true,"11,7":true,"11,5":true,"11,4":true,"11,3":true,"10,2":true,"7,2":true,"6,2":true,"5,3":true,"4,3":true,"9,2":true,"8,2":true},"cutscenes":{},"safeZone":{"x":3,"y":6}}}