{"kulongraveyard":{"id":"kulongraveyard","lowerSrc":"graveyard_bottom","upperSrc":"graveyard_top","configObjects":{"EGG_01":{"type":"Prop","x":5,"y":8,"src":"egg_1","shadow":false,"offset":[1,1],"talk":[{"required":["EGG_01"],"events":[]},{"events":[{"states":["EGG_01"],"type":"addClaims"}]}],"states":["EGG_01"]},"EGG_03":{"type":"Prop","x":2,"y":18,"src":"egg_2","shadow":false,"offset":[1,1],"talk":[{"required":["EGG_03"],"events":[]},{"events":[{"states":["EGG_03"],"type":"addClaims"}]}],"states":["EGG_03"]},"EGG_02":{"type":"Prop","x":23,"y":8,"src":"egg_2","shadow":false,"offset":[1,1],"collision":[0,0,1,1],"talk":[{"required":["EGG_02"],"events":[]},{"events":[{"states":["EGG_02"],"type":"addClaims"}]}],"states":["EGG_02"]},"EGG_04":{"type":"Prop","x":23,"y":21,"src":"egg_4","shadow":false,"offset":[1,1],"talk":[{"required":["EGG_04"],"events":[]},{"events":[{"states":["EGG_04"],"type":"addClaims"}]}],"states":["EGG_04"]},"EGG_05":{"type":"Prop","x":3,"y":25,"src":"egg_3","shadow":false,"offset":[1,1],"talk":[{"required":["EGG_05"],"events":[]},{"events":[{"states":["EGG_05"],"type":"addClaims"}]}],"states":["EGG_05"]},"EGG_06":{"type":"Prop","x":14,"y":25,"src":"egg_1","shadow":false,"offset":[1,1],"talk":[{"required":["EGG_06"],"events":[]},{"events":[{"states":["EGG_06"],"type":"addClaims"}]}],"states":["EGG_06"]},"EGG_07":{"type":"Prop","x":23,"y":26,"src":"egg_4","shadow":false,"offset":[1,1],"talk":[{"required":["EGG_07"],"events":[]},{"events":[{"states":["EGG_07"],"type":"addClaims"}]}],"states":["EGG_07"]},"EGG_08":{"type":"Prop","x":5,"y":15,"src":"egg_2","shadow":false,"offset":[1,1],"talk":[{"required":["EGG_08"],"events":[]},{"events":[{"states":["EGG_08"],"type":"addClaims"}]}],"states":["EGG_08"]},"EGG_09":{"type":"Prop","x":18,"y":18,"src":"egg_3","shadow":false,"offset":[1,1],"talk":[{"required":["EGG_09"],"events":[]},{"events":[{"states":["EGG_09"],"type":"addClaims"}]}],"states":["EGG_09"]},"EGG_10":{"type":"Prop","x":23,"y":16,"src":"egg_2","shadow":false,"offset":[1,1],"talk":[{"required":["EGG_10"],"events":[]},{"events":[{"states":["EGG_10"],"type":"addClaims"}]}],"states":["EGG_10"]},"EGG_11":{"type":"Prop","x":9,"y":18,"src":"egg_4","shadow":false,"offset":[1,1],"talk":[{"required":["EGG_11"],"events":[]},{"events":[{"states":["EGG_11"],"type":"addClaims"}]}],"states":["EGG_11"]},"EGG_12":{"type":"Prop","x":11,"y":10,"src":"egg_4","shadow":false,"offset":[1,1],"talk":[{"required":["EGG_12"],"events":[]},{"events":[{"states":["EGG_12"],"type":"addClaims"}]}],"states":["EGG_12"]},"CANDLE_LEFT":{"type":"Interactable","x":3,"y":20,"src":"candle_9","shadow":false,"offset":[4,0],"collision":[0,0,1,1]},"CANDLE_COFFIN":{"type":"Interactable","x":13,"y":19,"src":"candle_3","shadow":false,"offset":[4,0],"collision":[0,0,1,1]},"CANDLE_GROUND":{"type":"Interactable","x":9,"y":21,"src":"candle_6","shadow":false,"offset":[4,0],"collision":[0,0,1,1]},"CANDLE_RIGHT":{"type":"Interactable","x":19,"y":25,"src":"candle_2","shadow":false,"offset":[4,0]},"STANDING_CANDLE_1":{"type":"Interactable","x":5,"y":11,"src":"standing_candle","shadow":false,"offset":[4,0],"collision":[0,2,1,1]},"STANDING_CANDLE_2":{"type":"Interactable","x":11,"y":11,"src":"standing_candle","shadow":false,"offset":[4,0],"collision":[0,2,1,1]},"CANDLE_WALL_1":{"type":"Interactable","x":15,"y":7,"src":"wall_candle_1","shadow":false,"offset":[4,0],"collision":[0,0,1,1]},"PUMPKIN_TREE":{"type":"Interactable","x":21,"y":9,"src":"pumpkin_tree","shadow":false,"offset":[9,0],"collision":[1,3,2,1]}},"walls":{"2,26":true,"2,27":true,"3,27":true,"4,27":true,"5,27":true,"6,27":true,"8,27":true,"7,27":true,"9,27":true,"10,27":true,"12,27":true,"13,27":true,"14,27":true,"15,27":true,"16,27":true,"17,27":true,"18,27":true,"19,27":true,"20,27":true,"21,27":true,"22,27":true,"23,27":true,"24,27":true,"24,26":true,"24,17":true,"24,18":true,"24,20":true,"24,19":true,"24,21":true,"24,23":true,"24,24":true,"24,25":true,"24,22":true,"24,16":true,"24,15":true,"24,14":true,"24,13":true,"24,12":true,"24,11":true,"24,9":true,"24,10":true,"24,7":true,"24,8":true,"23,7":true,"22,7":true,"21,7":true,"20,7":true,"19,7":true,"18,7":true,"17,7":true,"16,7":true,"14,7":true,"13,7":true,"12,7":true,"11,7":true,"10,7":true,"9,7":true,"8,7":true,"7,7":true,"6,7":true,"5,7":true,"3,7":true,"4,7":true,"11,8":true,"12,8":true,"13,8":true,"14,8":true,"16,8":true,"17,8":true,"2,7":true,"2,8":true,"2,9":true,"2,10":true,"2,11":true,"2,12":true,"2,14":true,"3,14":true,"2,13":true,"4,14":true,"4,15":true,"4,16":true,"4,17":true,"4,18":true,"4,19":true,"3,19":true,"2,19":true,"2,20":true,"2,21":true,"2,22":true,"2,23":true,"2,24":true,"2,25":true,"6,25":true,"4,26":true,"3,26":true,"4,24":true,"8,24":true,"7,24":true,"13,26":true,"14,26":true,"16,25":true,"18,26":true,"20,25":true,"19,24":true,"21,23":true,"22,23":true,"22,22":true,"21,22":true,"21,21":true,"22,21":true,"19,22":true,"20,22":true,"20,21":true,"19,21":true,"19,20":true,"20,20":true,"21,20":true,"22,20":true,"23,20":true,"23,19":true,"21,19":true,"22,19":true,"21,18":true,"22,18":true,"23,18":true,"23,17":true,"22,17":true,"23,15":true,"22,14":true,"23,14":true,"22,13":true,"21,13":true,"20,12":true,"21,12":true,"22,12":true,"23,12":true,"14,24":true,"15,24":true,"18,25":true,"5,19":true,"8,19":true,"9,19":true,"7,20":true,"7,19":true,"5,17":true,"5,16":true,"5,14":true,"6,14":true,"7,15":true,"8,15":true,"6,11":true,"7,11":true,"8,11":true,"10,11":true,"9,11":true,"6,10":true,"6,9":true,"6,8":true,"3,8":true,"4,8":true,"13,12":true,"17,13":true,"18,13":true,"18,12":true,"18,11":true,"17,12":true,"17,11":true,"17,10":true,"16,10":true,"16,9":true,"17,9":true,"13,9":true,"14,9":true,"14,10":true,"13,10":true,"15,20":true,"15,19":true,"15,18":true,"14,21":true,"14,19":true,"14,20":true,"13,20":true,"13,21":true,"17,20":true,"17,19":true,"17,18":true,"17,17":true,"18,17":true,"18,16":true,"18,15":true,"15,16":true,"14,16":true,"19,18":true,"19,17":true,"0,14":true,"0,15":true,"0,16":true,"0,17":true,"0,18":true,"0,20":true,"0,19":true,"0,21":true,"0,22":true,"0,23":true,"0,24":true,"0,25":true,"0,26":true,"0,27":true,"0,28":true,"0,29":true,"0,30":true,"0,31":true,"0,32":true,"0,33":true,"25,27":true,"25,33":true,"10,8":true,"10,9":true,"10,10":true},"cutscenes":{"1,14":[{"events":[{"who":"hero","direction":"down","type":"walk"}]}],"1,33":[{"events":[{"who":"hero","direction":"up","type":"walk"}]}],"2,33":[{"events":[{"who":"hero","direction":"up","type":"walk"}]}],"3,33":[{"events":[{"who":"hero","direction":"up","type":"walk"}]}],"4,33":[{"events":[{"who":"hero","direction":"up","type":"walk"}]}],"5,33":[{"events":[{"who":"hero","direction":"up","type":"walk"}]}],"6,33":[{"events":[{"who":"hero","direction":"up","type":"walk"}]}],"7,33":[{"events":[{"who":"hero","direction":"up","type":"walk"}]}],"8,33":[{"events":[{"who":"hero","direction":"up","type":"walk"}]}],"9,33":[{"events":[{"who":"hero","direction":"up","type":"walk"}]}],"10,33":[{"events":[{"who":"hero","direction":"up","type":"walk"}]}],"11,33":[{"events":[{"who":"hero","direction":"up","type":"walk"}]}],"12,33":[{"events":[{"who":"hero","direction":"up","type":"walk"}]}],"13,33":[{"events":[{"who":"hero","direction":"up","type":"walk"}]}],"14,33":[{"events":[{"who":"hero","direction":"up","type":"walk"}]}],"15,33":[{"events":[{"who":"hero","direction":"up","type":"walk"}]}],"16,33":[{"events":[{"who":"hero","direction":"up","type":"walk"}]}],"18,33":[{"events":[{"who":"hero","direction":"up","type":"walk"}]}],"17,33":[{"events":[{"who":"hero","direction":"up","type":"walk"}]}],"19,33":[{"events":[{"who":"hero","direction":"up","type":"walk"}]}],"20,33":[{"events":[{"who":"hero","direction":"up","type":"walk"}]}],"21,33":[{"events":[{"who":"hero","direction":"up","type":"walk"}]}],"22,33":[{"events":[{"who":"hero","direction":"up","type":"walk"}]}],"23,33":[{"events":[{"who":"hero","direction":"up","type":"walk"}]}],"24,33":[{"events":[{"who":"hero","direction":"up","type":"walk"}]}],"25,28":[{"events":[{"who":"hero","direction":"left","type":"walk"}]}],"25,29":[{"events":[{"who":"hero","direction":"left","type":"walk"}]}],"25,30":[{"events":[{"who":"hero","direction":"left","type":"walk"}]}],"25,31":[{"events":[{"who":"hero","direction":"left","type":"walk"}]}],"25,32":[{"events":[{"who":"hero","direction":"left","type":"walk"}]}]},"safeZone":{"x":11,"y":29}}}