[{"id":"beach_amb","path":"/audio/ambience/beach_amb.mp3"},{"id":"campsite_amb","path":"/audio/ambience/campsite_amb.mp3"},{"id":"firstroad_amb","path":"/audio/ambience/firstroad_amb.mp3"},{"id":"hacking_amb","path":"/audio/ambience/hacking_amb.mp3"},{"id":"heartbeat_amb","path":"/audio/ambience/heartbeat_amb.mp3"},{"id":"inside_amb","path":"/audio/ambience/inside_amb.mp3"},{"id":"outdoor_amb","path":"/audio/ambience/outdoor_amb.mp3"},{"id":"sidestreet_amb","path":"/audio/ambience/sidestreet_amb.mp3"},{"id":"soccerfield_amb","path":"/audio/ambience/soccerfield_amb.mp3"},{"id":"cave_theme_1","path":"/audio/bgm/cave_theme_1.mp3"},{"id":"cave_theme_2","path":"/audio/bgm/cave_theme_2.mp3"},{"id":"dungeon_theme_2","path":"/audio/bgm/dungeon_theme_2.mp3"},{"id":"field_theme_1","path":"/audio/bgm/field_theme_1.mp3"},{"id":"field_theme_2","path":"/audio/bgm/field_theme_2.mp3"},{"id":"minds_eye_theme","path":"/audio/bgm/minds_eye_theme.mp3"},{"id":"mission_completed_bgm","path":"/audio/bgm/mission_completed_bgm.mp3"},{"id":"night_theme_1","path":"/audio/bgm/night_theme_1.mp3"},{"id":"the_veil_of_night_theme","path":"/audio/bgm/the_veil_of_night_theme.mp3"},{"id":"achievement_drop","path":"/audio/sfx/achievement_drop.mp3"},{"id":"act_done","path":"/audio/sfx/act_done.mp3"},{"id":"act_start","path":"/audio/sfx/act_start.mp3"},{"id":"addstate_1","path":"/audio/sfx/addstate_1.mp3"},{"id":"addstate_2","path":"/audio/sfx/addstate_2.mp3"},{"id":"dialogue_end","path":"/audio/sfx/dialogue_end.mp3"},{"id":"dialogue_process","path":"/audio/sfx/dialogue_process.mp3"},{"id":"dialogue_revealing","path":"/audio/sfx/dialogue_revealing.mp3"},{"id":"door_close","path":"/audio/sfx/door_close.mp3"},{"id":"door_locked","path":"/audio/sfx/door_locked.mp3"},{"id":"door_open","path":"/audio/sfx/door_open.mp3"},{"id":"ghost","path":"/audio/sfx/ghost.mp3"},{"id":"hack_error","path":"/audio/sfx/hack_error.mp3"},{"id":"hack_failed","path":"/audio/sfx/hack_failed.mp3"},{"id":"hack_intro","path":"/audio/sfx/hack_intro.mp3"},{"id":"hack_match","path":"/audio/sfx/hack_match.mp3"},{"id":"hack_next","path":"/audio/sfx/hack_next.mp3"},{"id":"hack_scanning","path":"/audio/sfx/hack_scanning.mp3"},{"id":"hack_selector","path":"/audio/sfx/hack_selector.mp3"},{"id":"hack_success","path":"/audio/sfx/hack_success.mp3"},{"id":"item_collected","path":"/audio/sfx/item_collected.mp3"},{"id":"menu_select","path":"/audio/sfx/menu_select.mp3"},{"id":"payout_out","path":"/audio/sfx/payout_out.mp3"},{"id":"phone_close","path":"/audio/sfx/phone_close.mp3"},{"id":"phone_menu_enter","path":"/audio/sfx/phone_menu_enter.mp3"},{"id":"phone_menu_move","path":"/audio/sfx/phone_menu_move.mp3"},{"id":"phone_notification","path":"/audio/sfx/phone_notification.mp3"},{"id":"phone_open","path":"/audio/sfx/phone_open.mp3"},{"id":"pop_1","path":"/audio/sfx/pop_1.mp3"},{"id":"pop_2","path":"/audio/sfx/pop_2.mp3"},{"id":"pop_3","path":"/audio/sfx/pop_3.mp3"},{"id":"step_a_1","path":"/audio/sfx/step_a_1.mp3"},{"id":"step_a_2","path":"/audio/sfx/step_a_2.mp3"},{"id":"step_b_1","path":"/audio/sfx/step_b_1.mp3"},{"id":"step_b_2","path":"/audio/sfx/step_b_2.mp3"},{"id":"step_b_3","path":"/audio/sfx/step_b_3.mp3"},{"id":"text_drop","path":"/audio/sfx/text_drop.mp3"},{"id":"text_intro","path":"/audio/sfx/text_intro.mp3"},{"id":"text_trigger","path":"/audio/sfx/text_trigger.mp3"},{"id":"text_zoom","path":"/audio/sfx/text_zoom.mp3"},{"id":"wind_1","path":"/audio/sfx/wind_1.mp3"},{"id":"wind_2","path":"/audio/sfx/wind_2.mp3"}]