[
  {
    "_n": "0001",
    "id": "420",
    "group": "0",
    "req": "69",
    "amount": 12,
    "price": 1
  }, {
    "_n": "0002",
    "id": "CL00001",
    "group": "0",
    "req": "69",
    "amount": 1,
    "price": 160
  }, {
    "_n": "0003",
    "id": "CL00002",
    "group": "0",
    "req": "69",
    "amount": 1,
    "price": 120
  }, {
    "_n": "0004",
    "id": "CL10003",
    "group": "0",
    "req": "420",
    "amount": 1,
    "price": 500
  }, {
    "_n": "0005",
    "id": "CL10004",
    "group": "0",
    "req": "420",
    "amount": 2,
    "price": 40
  }, {
    "_n": "0006",
    "id": "CL00003",
    "group": "0",
    "req": "CL10003",
    "amount": 2,
    "price": 1
  }, {
    "_n": "0007",
    "id": "CL00004",
    "group": "0",
    "req": "CL10004",
    "amount": 2,
    "price": 1
  }, {
    "_n": "9001",
    "id": "69",
    "group": "9",
    "req": "761",
    "amount": 20,
    "price": 10000
  }, {
    "_n": "9002",
    "id": "69",
    "group": "9",
    "req": "761",
    "amount": 24,
    "bonus": 2,
    "price": 12000
  }, {
    "_n": "9003",
    "id": "69",
    "group": "9",
    "req": "761",
    "amount": 40,
    "bonus": 12,
    "price": 20000
  }, {
    "_n": "9004",
    "id": "69",
    "group": "9",
    "req": "761",
    "amount": 50,
    "bonus": 18,
    "price": 25000
  }, {
    "_n": "9005",
    "id": "69",
    "group": "9",
    "req": "761",
    "amount": 60,
    "bonus": 25,
    "price": 30000
  }, {
    "_n": "9006",
    "id": "69",
    "group": "9",
    "req": "761",
    "amount": 40,
    "bonus": 36,
    "price": 40000
  }, {
    "_n": "9007",
    "id": "69",
    "group": "9",
    "req": "761",
    "amount": 100,
    "bonus": 47,
    "price": 50000
  }, {
    "_n": "9008",
    "id": "69",
    "group": "9",
    "req": "761",
    "amount": 130,
    "bonus": 63,
    "price": 65000
  }, {
    "_n": "9009",
    "id": "69",
    "group": "9",
    "req": "761",
    "amount": 160,
    "bonus": 79,
    "price": 80000
  }, {
    "_n": "9010",
    "id": "69",
    "group": "9",
    "req": "761",
    "amount": 200,
    "bonus": 100,
    "price": 100000
  }
]