[
  {
    "id": "1000",
    "map": "strange_distric",
    "name": "Strange Distric Beta",
    "desc": {
      "id": "Kamu dan kru hendak berlibur ke sebuah tempat yang belum pernah dikunjungi sebelumnya. Bisakah kalian sampai ke lokasi sesuai dengan rencana?",
      "en": "You and your crew are heading out on a trip to a place you've never been before. But will you really make it there as planned?"
    },
    "beta": true,
    "memory": [],
    "mode": 1,
    "group": 1,
    "min": 1,
    "max": 4,
    "ready": 0,
    "price": ["CL00003", 1],
    "spawn": {
      "area": "kulonFirstRoad",
      "x": 75,
      "y": 55,
      "direction": "down",
      "inc": "y"
    },
    "bag": [{ "id": "J00003", "amount": 1 }],
    "payout": {
      "fail": [
        { "id": "69", "amount": 0 },
        { "id": "420", "amount": 0 }
      ],
      "success": [
        { "id": "69", "amount": 20 },
        { "id": "420", "amount": 80 }
      ]
    }
  },
  {
    "id": "strange_district",
    "map": "strange_distric",
    "name": "Episode 1: Strange District",
    "desc": {
      "id": "Kamu dan kru hendak berlibur ke sebuah tempat yang belum pernah dikunjungi sebelumnya. Bisakah kalian sampai ke lokasi sesuai dengan rencana?",
      "en": "You and your crew are heading out on a trip to a place you've never been before. But will you really make it there as planned?"
    },
    "memory": [
      {
        "ts": 1000,
        "text": {
          "id": "Beberapa pemuda tengah menikmati perjalanan ke suatu danau yang jauh dari kota.",
          "en": "Some young guys are on a trip to a lake, far away from the city, just enjoying the ride."
        }
      },
      {
        "ts": 2000,
        "text": {
          "id": "Mereka tidak membawa perlengkapan terlalu banyak. Beberapa benda yang dirasa berguna sudah mereka simpan di bagasi.",
          "en": "They didn't bring too much gear. Just a few useful things stashed in the trunk."
        }
      },
      {
        "ts": 3000,
        "text": {
          "id": "Hingga saat akan melintasi sebuah wilayah yang belum pernah dilewati, mereka sadar ada yang tidak beres dengan mobil yang mereka gunakan.",
          "en": "Just as they were about to cross an unfamiliar area, they realized something was off with their car."
        }
      },
      {
        "ts": 2500,
        "text": {
          "id": "Saat mereka menepi, hendak mencari permasalahan di mobil tersebut. Nampak mobil kehilangan tenaga untuk memulai mesinnya kembali.",
          "en": "As they pulled over to check what was wrong, the car seemed to have lost all power, refusing to start back up."
        }
      },
      {
        "ts": 2000,
        "text": {
          "id": "Tak tinggal diam, mereka tadi mencari cara agar mereka dapat melanjutkan perjalanan dan keluar dari wilayah tersebut.",
          "en": "Wasting no time, they started looking for a way to get the car running and get out of there."
        }
      },
      {
        "ts": 0,
        "text": {
          "id": "Dan inilah...",
          "en": "And so it begins..."
        }
      }
    ],
    "mode": 1,
    "group": 1,
    "min": 1,
    "max": 4,
    "ready": 1,
    "price": ["CL00003", 1],
    "spawn": {
      "area": "kulonFirstRoad",
      "x": 75,
      "y": 55,
      "direction": "down",
      "inc": "y"
    },
    "bag": [{ "id": "J00003", "amount": 1 }],
    "payout": {
      "fail": [
        { "id": "69", "amount": 0 },
        { "id": "420", "amount": 0 }
      ],
      "success": [
        { "id": "69", "amount": 20 },
        { "id": "420", "amount": 80 }
      ]
    }
  },
  {
    "id": "strange_farm",
    "map": "strange_farm",
    "name": "Episode 2: Stopping",
    "desc": {
      "id": "Kamu dan kru memutuskan untuk beristirahat sejenak. Apakah waktu istirahat itu cukup efisien?",
      "en": "You and your crew decied to make a stop and take a break. But at what cost?"
    },
    "memory": [
      {
        "text": {
          "id": "Setelah melanjutkan perjalanan, mereka memutuskan untuk beristirahat.",
          "en": "After continuing their trip, they decided to take a break."
        }
      },
      {
        "text": {
          "id": "Sedikit perlengkapan dari district aneh sebelumnya sudah dibawa.",
          "en": "Some stuff from the previous district had been bring by the team."
        }
      },
      {
        "text": {
          "id": "Dan mereka sadar, hanya terdapat hewan-hewan di tempat tersebut.",
          "en": "Then they relized, there are only living animals exist in those places."
        }
      },
      {
        "text": {
          "id": "Saat mereka melangkah dari mobil. Ada hal tak terduga.",
          "en": "As they made a step. Something happens."
        }
      },
      {
        "text": {
          "id": "Dan inilah...",
          "en": "And so it begins..."
        }
      }
    ],
    "mode": 1,
    "group": 1,
    "min": 2,
    "max": 4,
    "ready": 0,
    "price": ["CL00003", 1],
    "spawn": {
      "area": "kulonFirstRoad",
      "x": 75,
      "y": 55,
      "direction": "down",
      "inc": "y"
    },
    "bag": [{ "id": "J00003", "amount": 1 }],
    "payout": {
      "fail": [
        { "id": "69", "amount": 0 },
        { "id": "420", "amount": 0 }
      ],
      "success": [
        { "id": "69", "amount": 25 },
        { "id": "420", "amount": 85 }
      ]
    }
  },
  {
    "id": "egghunt",
    "map": "egghunt",
    "name": "Egg Hunt",
    "desc": {
      "id": "Lomba mencari telur dengan jumlah terbanyak dialah pemenangnya!",
      "en": "Find eggs as many as you can and be the winner!"
    },
    "mode": 2,
    "group": 2,
    "min": 2,
    "max": 4,
    "ready": 1,
    "price": ["CL00004", 1],
    "spawn": {
      "area": "kulongraveyard",
      "x": 8,
      "y": 31,
      "direction": "down",
      "inc": "x"
    },
    "reqs": ["EGG_01", "EGG_02", "EGG_03", "EGG_04", "EGG_05", "EGG_06", "EGG_07", "EGG_08", "EGG_09", "EGG_10", "EGG_11", "EGG_12"],
    "payout": {
      "success": [
        { "id": "69", "amount": 1 },
        { "id": "420", "amount": 10 }
      ],
      "fail": [
        { "id": "69", "amount": 0 },
        { "id": "420", "amount": 3 }
      ]
    }
  },
  {
    "id": "2003",
    "name": "Tic Tac Toe",
    "desc": {
      "id": "Bermain tic tac toe bersama teman mungkin sudah cukup familiar. Tapi, bagaimana jika target untuk menang bukanlah 3, melainkan 5? Markicob, mari kita cobaaaa!",
      "en": "Bermain tic tac toe bersama teman mungkin sudah cukup familiar. Tapi, bagaimana jika target untuk menang bukanlah 3, melainkan 5? Markicob, mari kita cobaaaa!"
    },
    "mode": 2,
    "group": 2,
    "min": 2,
    "max": 2,
    "ready": 0,
    "price": ["CL00004", 1],
    "payout": {
      "success": [
        { "id": "69", "amount": 1 },
        { "id": "420", "amount": 15 }
      ],
      "fail": [
        { "id": "69", "amount": 0 },
        { "id": "420", "amount": 5 }
      ]
    }
  }
]
