[{"id":"graveyard_bottom","path":"/assets/maps/mp_egghunt/graveyard_bottom.png"},{"id":"graveyard_top","path":"/assets/maps/mp_egghunt/graveyard_top.png"},{"id":"wall_candle_1","path":"/assets/maps/props/wall_candle_1.png"},{"id":"pumpkin_tree","path":"/assets/maps/props/pumpkin_tree.png"},{"id":"egg_1","path":"/assets/maps/props/egg_1.png"},{"id":"egg_2","path":"/assets/maps/props/egg_2.png"},{"id":"egg_3","path":"/assets/maps/props/egg_3.png"},{"id":"egg_4","path":"/assets/maps/props/egg_4.png"},{"id":"candle_3","path":"/assets/maps/props/candle_3.png"},{"id":"candle_9","path":"/assets/maps/props/candle_9.png"},{"id":"candle_6","path":"/assets/maps/props/candle_6.png"},{"id":"candle_2","path":"/assets/maps/props/candle_2.png"},{"id":"standing_candle","path":"/assets/maps/props/standing_candle.png"}]