[{"id":"000_firstroad_bottom","path":"/assets/maps/mp_strange_distric/000_firstroad_bottom.png"},{"id":"000_firstroad_top","path":"/assets/maps/mp_strange_distric/000_firstroad_top.png"},{"id":"001_sidestreet_a_bottom","path":"/assets/maps/mp_strange_distric/001_sidestreet_a_bottom.png"},{"id":"001_sidestreet_a_top","path":"/assets/maps/mp_strange_distric/001_sidestreet_a_top.png"},{"id":"102_house_a_bottom","path":"/assets/maps/mp_strange_distric/102_house_a_bottom.png"},{"id":"102_house_a_top","path":"/assets/maps/mp_strange_distric/102_house_a_top.png"},{"id":"null","path":"/assets/maps/props/null.png"},{"id":"101_treehouse_bottom","path":"/assets/maps/mp_strange_distric/101_treehouse_bottom.png"},{"id":"101_treehouse_top","path":"/assets/maps/mp_strange_distric/101_treehouse_top.png"},{"id":"002_sidestreet_b_bottom","path":"/assets/maps/mp_strange_distric/002_sidestreet_b_bottom.png"},{"id":"002_sidestreet_b_top","path":"/assets/maps/mp_strange_distric/002_sidestreet_b_top.png"},{"id":"003_beach_bottom","path":"/assets/maps/mp_strange_distric/003_beach_bottom.png"},{"id":"003_beach_top","path":"/assets/maps/mp_strange_distric/003_beach_top.png"},{"id":"004_distric_outside_bottom","path":"/assets/maps/mp_strange_distric/004_distric_outside_bottom.png"},{"id":"004_distric_outside_top","path":"/assets/maps/mp_strange_distric/004_distric_outside_top.png"},{"id":"005_distric_outside_bottom","path":"/assets/maps/mp_strange_distric/005_distric_outside_bottom.png"},{"id":"005_distric_outside_top","path":"/assets/maps/mp_strange_distric/005_distric_outside_top.png"},{"id":"006_field_bottom","path":"/assets/maps/mp_strange_distric/006_field_bottom.png"},{"id":"006_field_top","path":"/assets/maps/mp_strange_distric/006_field_top.png"},{"id":"007_distric_outside_bottom","path":"/assets/maps/mp_strange_distric/007_distric_outside_bottom.png"},{"id":"007_distric_outside_top","path":"/assets/maps/mp_strange_distric/007_distric_outside_top.png"},{"id":"008_museum_outside_bottom","path":"/assets/maps/mp_strange_distric/008_museum_outside_bottom.png"},{"id":"008_museum_outside_top","path":"/assets/maps/mp_strange_distric/008_museum_outside_top.png"},{"id":"103_vanhouse_bottom","path":"/assets/maps/mp_strange_distric/103_vanhouse_bottom.png"},{"id":"103_vanhouse_top","path":"/assets/maps/mp_strange_distric/103_vanhouse_top.png"},{"id":"104_apt_a_bottom","path":"/assets/maps/mp_strange_distric/104_apt_a_bottom.png"},{"id":"104_apt_a_top","path":"/assets/maps/mp_strange_distric/104_apt_a_top.png"},{"id":"105_clothingstore_bottom","path":"/assets/maps/mp_strange_distric/105_clothingstore_bottom.png"},{"id":"105_clothingstore_top","path":"/assets/maps/mp_strange_distric/105_clothingstore_top.png"},{"id":"106_flowershop_bottom","path":"/assets/maps/mp_strange_distric/106_flowershop_bottom.png"},{"id":"106_flowershop_top","path":"/assets/maps/mp_strange_distric/106_flowershop_top.png"},{"id":"107_ministore_bottom","path":"/assets/maps/mp_strange_distric/107_ministore_bottom.png"},{"id":"107_ministore_top","path":"/assets/maps/mp_strange_distric/107_ministore_top.png"},{"id":"108_fishshop_bottom","path":"/assets/maps/mp_strange_distric/108_fishshop_bottom.png"},{"id":"108_fishshop_top","path":"/assets/maps/mp_strange_distric/108_fishshop_top.png"},{"id":"109_icecream_bottom","path":"/assets/maps/mp_strange_distric/109_icecream_bottom.png"},{"id":"109_icecream_top","path":"/assets/maps/mp_strange_distric/109_icecream_top.png"},{"id":"110_hospitalstairs_bottom","path":"/assets/maps/mp_strange_distric/110_hospitalstairs_bottom.png"},{"id":"110_hospitalstairs_top","path":"/assets/maps/mp_strange_distric/110_hospitalstairs_top.png"},{"id":"111_morgue_bottom","path":"/assets/maps/mp_strange_distric/111_morgue_bottom.png"},{"id":"111_morgue_top","path":"/assets/maps/mp_strange_distric/111_morgue_top.png"},{"id":"112_hotel_bottom","path":"/assets/maps/mp_strange_distric/112_hotel_bottom.png"},{"id":"112_hotel_top","path":"/assets/maps/mp_strange_distric/112_hotel_top.png"},{"id":"113_muesum_bottom","path":"/assets/maps/mp_strange_distric/113_muesum_bottom.png"},{"id":"113_museum_top","path":"/assets/maps/mp_strange_distric/113_museum_top.png"},{"id":"StandingLamp","path":"/assets/maps/props/StandingLamp.png"},{"id":"BigScissor","path":"/assets/maps/props/BigScissor.png"},{"id":"Wind_Turbine_2","path":"/assets/maps/props/Wind_Turbine_2.png"},{"id":"Cookies","path":"/assets/maps/props/Cookies.png"},{"id":"IceKey","path":"/assets/maps/props/IceKey.png"},{"id":"LaserLever","path":"/assets/maps/props/LaserLever.png"},{"id":"LaserMuseum","path":"/assets/maps/props/LaserMuseum.png"},{"id":"Fountain","path":"/assets/maps/props/Fountain.png"}]